Collection,Type,Product Name
Zen Greens,Green Tea,Organic Ceremonial Matcha Green Tea Powder
Zen Greens,Green Tea,Organic Supreme Matcha Green Tea Powder
Zen Greens,Green Tea,Japanese Sencha Green Tea
Zen Greens,Green Tea,Chinese Jasmine Green Tea
Zen Greens,Green Tea,Japanese Genmaicha Green Tea
Zen Greens,Green Tea,Peach Mango Tango Green Tea
Bold Classics,Black Tea,Divine Earl Grey Black Tea
Bold Classics,Black Tea,Classic English Breakfast Black Tea
Bold Classics,Black Tea,Organic Assam Black Tea
Bold Classics,Black Tea,Masala Chai Black Tea
Bold Classics,Black Tea,Chocolate Mint Black Tea
Bold Classics,Black Tea,Red Roses Black Tea
Botanical Bliss,Herbal Tea,Organic Chamomile Care Herbal Tea
Botanical Bliss,Herbal Tea,Hibiscus Punch Herbal Tea
Botanical Bliss,Herbal Tea,Organic Turmeric Herbal Tea
Botanical Bliss,Herbal Tea,Organic Immunity Herbal Tea
Botanical Bliss,Herbal Tea,Mellow Mint Herbal Tea
Botanical Bliss,Herbal Tea,Wine Berry Herbal Tea
Herbal Harmony,Wellness Tea,Ginger Turmeric Lemongrass Wellness Tea
Herbal Harmony,Wellness Tea,Lemon Ginger Circus Wellness Tea
Herbal Harmony,Wellness Tea,Mango Turmeric Tulsi Wellness Tea
Herbal Harmony,Wellness Tea,Serenity Wellness Tea
Herbal Harmony,Wellness Tea,Roots and Chai Wellness Tea
Calm Rituals,Hemp Tea,Relax Hemp Tea
Calm Rituals,Hemp Tea,Heart Hemp Tea
Calm Rituals,Hemp Tea,Think Hemp Tea
Calm Rituals,Hemp Tea,Energize Hemp Tea
Calm Rituals,Hemp Tea,Organic Hemp Berry Infusion
Cool Brews,Iced Tea,Divine Tangy Lemon Iced Tea
Cool Brews,Iced Tea,Moroccan Mint Iced Tea
Cool Brews,Iced Tea,Passion Berry Iced Tea
Cool Brews,Iced Tea,Wine Berry Iced Tea
Cool Brews,Iced Tea,Divine Ruby Red Iced Tea
Silk Leaves,Oolong Tea,Peach Oolong Tea
Silk Leaves,Oolong Tea,Golden Pineapple Oolong Tea
Silk Leaves,Oolong Tea,Lemon Green Oolong Tea
