"ID","Handle","Command","Title","Body HTML","Sort Order","Template Suffix","Updated At","Published","Published At","Published Scope","Image Src","Image Width","Image Height","Image Alt Text","Row #","Top Row","Must Match","Rule: Product Column","Rule: Relation","Rule: Condition","Product: ID","Product: Handle","Product: Position","Metafield: title_tag [string]","Metafield: description_tag [string]"
"244053967023","summer-collection","MERGE","Summer Collection","","Manual","","2026-01-11 04:11:13 -0800","","","web","https://cdn.shopify.com/s/files/1/0506/6965/0095/collections/michael-dziedzic-16ZPVKLhO8M-unsplash_1.jpg?v=1612323222","1918","880","","1","true","any condition","Title","Contains","passion fruit","6127718989999","moroccan-mint-iced-tea","1","",""
"244053967023","summer-collection","MERGE","Summer Collection","","Manual","","2026-01-11 04:11:13 -0800","","","web","https://cdn.shopify.com/s/files/1/0506/6965/0095/collections/michael-dziedzic-16ZPVKLhO8M-unsplash_1.jpg?v=1612323222","1918","880","","2","","","Title","Contains","wine berry","6734188970159","wine-berry-herbal-iced-tea","2","",""
"244053967023","summer-collection","MERGE","Summer Collection","","Manual","","2026-01-11 04:11:13 -0800","","","web","https://cdn.shopify.com/s/files/1/0506/6965/0095/collections/michael-dziedzic-16ZPVKLhO8M-unsplash_1.jpg?v=1612323222","1918","880","","3","","","Title","Contains","midnight mystery","6127718924463","divine-tangy-lemon-iced-tea","3","",""
"244053967023","summer-collection","MERGE","Summer Collection","","Manual","","2026-01-11 04:11:13 -0800","","","web","https://cdn.shopify.com/s/files/1/0506/6965/0095/collections/michael-dziedzic-16ZPVKLhO8M-unsplash_1.jpg?v=1612323222","1918","880","","4","","","Title","Contains","magic of roses","6127717875887","rainbow-rain-green-tea","4","",""
"244053967023","summer-collection","MERGE","Summer Collection","","Manual","","2026-01-11 04:11:13 -0800","","","web","https://cdn.shopify.com/s/files/1/0506/6965/0095/collections/michael-dziedzic-16ZPVKLhO8M-unsplash_1.jpg?v=1612323222","1918","880","","5","","","Title","Contains","honey lemon","6127716729007","divine-earl-grey-black-tea","5","",""
"244053967023","summer-collection","MERGE","Summer Collection","","Manual","","2026-01-11 04:11:13 -0800","","","web","https://cdn.shopify.com/s/files/1/0506/6965/0095/collections/michael-dziedzic-16ZPVKLhO8M-unsplash_1.jpg?v=1612323222","1918","880","","6","","","Title","Contains","rainbow","6127717941423","honey-lemon-sunday-green-tea","6","",""
"244053967023","summer-collection","MERGE","Summer Collection","","Manual","","2026-01-11 04:11:13 -0800","","","web","https://cdn.shopify.com/s/files/1/0506/6965/0095/collections/michael-dziedzic-16ZPVKLhO8M-unsplash_1.jpg?v=1612323222","1918","880","","7","","","Title","Contains","divine earl","6145653440687","ceremonial-matcha","7","",""
"244053967023","summer-collection","MERGE","Summer Collection","","Manual","","2026-01-11 04:11:13 -0800","","","web","https://cdn.shopify.com/s/files/1/0506/6965/0095/collections/michael-dziedzic-16ZPVKLhO8M-unsplash_1.jpg?v=1612323222","1918","880","","8","","","Title","Contains","pina","6127718400175","fruit-cup-herbal-tea","8","",""
"244053967023","summer-collection","MERGE","Summer Collection","","Manual","","2026-01-11 04:11:13 -0800","","","web","https://cdn.shopify.com/s/files/1/0506/6965/0095/collections/michael-dziedzic-16ZPVKLhO8M-unsplash_1.jpg?v=1612323222","1918","880","","9","","","Title","Contains","fruit cup","6145684177071","culinary-matcha","9","",""
"244053967023","summer-collection","MERGE","Summer Collection","","Manual","","2026-01-11 04:11:13 -0800","","","web","https://cdn.shopify.com/s/files/1/0506/6965/0095/collections/michael-dziedzic-16ZPVKLhO8M-unsplash_1.jpg?v=1612323222","1918","880","","10","","","Title","Contains","apple papaya","6127718105263","apple-papaya-island-herbal","10","",""
"244053967023","summer-collection","MERGE","Summer Collection","","Manual","","2026-01-11 04:11:13 -0800","","","web","https://cdn.shopify.com/s/files/1/0506/6965/0095/collections/michael-dziedzic-16ZPVKLhO8M-unsplash_1.jpg?v=1612323222","1918","880","","11","","","Title","Contains","peach oolong","6127717056687","pina-colada-black-tea","11","",""
"244053967023","summer-collection","MERGE","Summer Collection","","Manual","","2026-01-11 04:11:13 -0800","","","web","https://cdn.shopify.com/s/files/1/0506/6965/0095/collections/michael-dziedzic-16ZPVKLhO8M-unsplash_1.jpg?v=1612323222","1918","880","","12","","","Title","Contains","classic earl grey","6127718498479","magic-of-roses-herbal-tea","12","",""
"244053967023","summer-collection","MERGE","Summer Collection","","Manual","","2026-01-11 04:11:13 -0800","","","web","https://cdn.shopify.com/s/files/1/0506/6965/0095/collections/michael-dziedzic-16ZPVKLhO8M-unsplash_1.jpg?v=1612323222","1918","880","","13","","","Title","Contains","matcha","6127718596783","midnight-mystery-herbal-tea","13","",""
"244053967023","summer-collection","MERGE","Summer Collection","","Manual","","2026-01-11 04:11:13 -0800","","","web","https://cdn.shopify.com/s/files/1/0506/6965/0095/collections/michael-dziedzic-16ZPVKLhO8M-unsplash_1.jpg?v=1612323222","1918","880","","14","","","Title","Contains","supreme","6163651330223","organic-hemp-berry-infusion","14","",""
"244053967023","summer-collection","MERGE","Summer Collection","","Manual","","2026-01-11 04:11:13 -0800","","","web","https://cdn.shopify.com/s/files/1/0506/6965/0095/collections/michael-dziedzic-16ZPVKLhO8M-unsplash_1.jpg?v=1612323222","1918","880","","15","","","Title","Contains","iced","6127718891695","divine-ruby-red-iced-tea","15","",""
"244053967023","summer-collection","MERGE","Summer Collection","","Manual","","2026-01-11 04:11:13 -0800","","","web","https://cdn.shopify.com/s/files/1/0506/6965/0095/collections/michael-dziedzic-16ZPVKLhO8M-unsplash_1.jpg?v=1612323222","1918","880","","16","","","Title","Contains","infusion","6734191394991","peach-mango-tango-iced-tea","16","",""
"244053967023","summer-collection","MERGE","Summer Collection","","Manual","","2026-01-11 04:11:13 -0800","","","web","https://cdn.shopify.com/s/files/1/0506/6965/0095/collections/michael-dziedzic-16ZPVKLhO8M-unsplash_1.jpg?v=1612323222","1918","880","","17","","","Title","Contains","cascara","6127719153839","peach-oolong-tea","17","",""
"244053967023","summer-collection","MERGE","Summer Collection","","Manual","","2026-01-11 04:11:13 -0800","","","web","https://cdn.shopify.com/s/files/1/0506/6965/0095/collections/michael-dziedzic-16ZPVKLhO8M-unsplash_1.jpg?v=1612323222","1918","880","","18","","","","","","6127718170799","wine-berry-herbal-tea","18","",""
"244053967023","summer-collection","MERGE","Summer Collection","","Manual","","2026-01-11 04:11:13 -0800","","","web","https://cdn.shopify.com/s/files/1/0506/6965/0095/collections/michael-dziedzic-16ZPVKLhO8M-unsplash_1.jpg?v=1612323222","1918","880","","19","","","","","","6127719055535","passion-berry-iced-tea","19","",""
"244053967023","summer-collection","MERGE","Summer Collection","","Manual","","2026-01-11 04:11:13 -0800","","","web","https://cdn.shopify.com/s/files/1/0506/6965/0095/collections/michael-dziedzic-16ZPVKLhO8M-unsplash_1.jpg?v=1612323222","1918","880","","20","","","","","","7131643805871","supreme-matcha","20","",""
"244053967023","summer-collection","MERGE","Summer Collection","","Manual","","2026-01-11 04:11:13 -0800","","","web","https://cdn.shopify.com/s/files/1/0506/6965/0095/collections/michael-dziedzic-16ZPVKLhO8M-unsplash_1.jpg?v=1612323222","1918","880","","21","","","","","","8102156632239","matcha-subscription-box","21","",""
"244053967023","summer-collection","MERGE","Summer Collection","","Manual","","2026-01-11 04:11:13 -0800","","","web","https://cdn.shopify.com/s/files/1/0506/6965/0095/collections/michael-dziedzic-16ZPVKLhO8M-unsplash_1.jpg?v=1612323222","1918","880","","22","","","","","","8320853475503","supreme-matcha-subscription","22","",""
"244922712239","powder","MERGE","Organic Powders","<span data-offset-key=""8o902-1867-0"" data-mce-fragment=""1"">At</span><span data-offset-key=""8o902-1868-0"" data-mce-fragment=""1""> Divine</span><span data-offset-key=""8o902-1869-0"" data-mce-fragment=""1""> Ingredients</span><span data-offset-key=""8o902-1870-0"" data-mce-fragment=""1"">,</span><span data-offset-key=""8o902-1871-0"" data-mce-fragment=""1""> we</span><span data-offset-key=""8o902-1872-0"" data-mce-fragment=""1""> offer</span><span data-offset-key=""8o902-1873-0"" data-mce-fragment=""1""> a</span><span data-offset-key=""8o902-1874-0"" data-mce-fragment=""1""> wide</span><span data-offset-key=""8o902-1875-0"" data-mce-fragment=""1""> selection</span><span data-offset-key=""8o902-1876-0"" data-mce-fragment=""1""> of</span><span data-offset-key=""8o902-1877-0"" data-mce-fragment=""1""> organic</span><span data-offset-key=""8o902-1878-0"" data-mce-fragment=""1""> powd</span><span data-offset-key=""8o902-1879-0"" data-mce-fragment=""1"">ers</span><span data-offset-key=""8o902-1880-0"" data-mce-fragment=""1""> that</span><span data-offset-key=""8o902-1881-0"" data-mce-fragment=""1""> are</span><span data-offset-key=""8o902-1882-0"" data-mce-fragment=""1""> perfect</span><span data-offset-key=""8o902-1883-0"" data-mce-fragment=""1""> for</span><span data-offset-key=""8o902-1884-0"" data-mce-fragment=""1""> adding</span><span data-offset-key=""8o902-1885-0"" data-mce-fragment=""1""> flavor</span><span data-offset-key=""8o902-1886-0"" data-mce-fragment=""1"">,</span><span data-offset-key=""8o902-1887-0"" data-mce-fragment=""1""> nutrition</span><span data-offset-key=""8o902-1888-0"" data-mce-fragment=""1"">,</span><span data-offset-key=""8o902-1889-0"" data-mce-fragment=""1""> and</span><span data-offset-key=""8o902-1890-0"" data-mce-fragment=""1""> sustainability</span><span data-offset-key=""8o902-1891-0"" data-mce-fragment=""1""> to</span><span data-offset-key=""8o902-1892-0"" data-mce-fragment=""1""> your</span><span data-offset-key=""8o902-1893-0"" data-mce-fragment=""1""> meals</span><span data-offset-key=""8o902-1894-0"" data-mce-fragment=""1"">.</span><span data-offset-key=""8o902-1895-0"" data-mce-fragment=""1""> Our</span><span data-offset-key=""8o902-1896-0"" data-mce-fragment=""1""> organic</span><span data-offset-key=""8o902-1897-0"" data-mce-fragment=""1""> powd</span><span data-offset-key=""8o902-1898-0"" data-mce-fragment=""1"">ers</span><span data-offset-key=""8o902-1899-0"" data-mce-fragment=""1""> are</span><span data-offset-key=""8o902-1900-0"" data-mce-fragment=""1""> free</span><span data-offset-key=""8o902-1901-0"" data-mce-fragment=""1""> from</span><span data-offset-key=""8o902-1902-0"" data-mce-fragment=""1""> synthetic</span><span data-offset-key=""8o902-1903-0"" data-mce-fragment=""1""> fertil</span><span data-offset-key=""8o902-1904-0"" data-mce-fragment=""1"">izers</span><span data-offset-key=""8o902-1905-0"" data-mce-fragment=""1"">,</span><span data-offset-key=""8o902-1906-0"" data-mce-fragment=""1""> pesticides</span><span data-offset-key=""8o902-1907-0"" data-mce-fragment=""1"">,</span><span data-offset-key=""8o902-1908-0"" data-mce-fragment=""1""> and</span><span data-offset-key=""8o902-1909-0"" data-mce-fragment=""1""> other</span><span data-offset-key=""8o902-1910-0"" data-mce-fragment=""1""> chemicals</span><span data-offset-key=""8o902-1911-0"" data-mce-fragment=""1"">,</span><span data-offset-key=""8o902-1912-0"" data-mce-fragment=""1""> as</span><span data-offset-key=""8o902-1913-0"" data-mce-fragment=""1""> well</span><span data-offset-key=""8o902-1914-0"" data-mce-fragment=""1""> as</span><span data-offset-key=""8o902-1915-0"" data-mce-fragment=""1""> artificial</span><span data-offset-key=""8o902-1916-0"" data-mce-fragment=""1""> pres</span><span data-offset-key=""8o902-1917-0"" data-mce-fragment=""1"">ervatives</span><span data-offset-key=""8o902-1918-0"" data-mce-fragment=""1"">.</span><span data-offset-key=""8o902-1919-0"" data-mce-fragment=""1""> </span><span data-offset-key=""8o902-1942-0"" data-mce-fragment=""1"">With</span><span data-offset-key=""8o902-1943-0"" data-mce-fragment=""1""> a</span><span data-offset-key=""8o902-1944-0"" data-mce-fragment=""1""> variety</span><span data-offset-key=""8o902-1945-0"" data-mce-fragment=""1""> of</span><span data-offset-key=""8o902-1946-0"" data-mce-fragment=""1""> flavors</span><span data-offset-key=""8o902-1947-0"" data-mce-fragment=""1""> and</span><span data-offset-key=""8o902-1948-0"" data-mce-fragment=""1""> nutrient</span><span data-offset-key=""8o902-1949-0"" data-mce-fragment=""1"">-</span><span data-offset-key=""8o902-1950-0"" data-mce-fragment=""1"">d</span><span data-offset-key=""8o902-1951-0"" data-mce-fragment=""1"">ense</span><span data-offset-key=""8o902-1952-0"" data-mce-fragment=""1""> options</span><span data-offset-key=""8o902-1953-0"" data-mce-fragment=""1""> to</span><span data-offset-key=""8o902-1954-0"" data-mce-fragment=""1""> choose</span><span data-offset-key=""8o902-1955-0"" data-mce-fragment=""1""> from</span><span data-offset-key=""8o902-1956-0"" data-mce-fragment=""1"">,</span><span data-offset-key=""8o902-1957-0"" data-mce-fragment=""1""> you</span><span data-offset-key=""8o902-1958-0"" data-mce-fragment=""1"">’</span><span data-offset-key=""8o902-1959-0"" data-mce-fragment=""1"">re</span><span data-offset-key=""8o902-1960-0"" data-mce-fragment=""1""> sure</span><span data-offset-key=""8o902-1961-0"" data-mce-fragment=""1""> to</span><span data-offset-key=""8o902-1962-0"" data-mce-fragment=""1""> find</span><span data-offset-key=""8o902-1963-0"" data-mce-fragment=""1""> the</span><span data-offset-key=""8o902-1964-0"" data-mce-fragment=""1""> perfect</span><span data-offset-key=""8o902-1965-0"" data-mce-fragment=""1""> organic</span><span data-offset-key=""8o902-1966-0"" data-mce-fragment=""1""> powder</span><span data-offset-key=""8o902-1967-0"" data-mce-fragment=""1""> for</span><span data-offset-key=""8o902-1968-0"" data-mce-fragment=""1""> your</span><span data-offset-key=""8o902-1969-0"" data-mce-fragment=""1""> meals</span><span data-offset-key=""8o902-1970-0"" data-mce-fragment=""1"">.</span>","Best Selling","","2026-02-19 04:11:02 -0800","true","2021-02-11 21:47:33 -0800","web","https://cdn.shopify.com/s/files/1/0506/6965/0095/collections/custom_resized_powders.jpg?v=1643816459","2048","903","","23","true","all conditions","Title","Contains","powder","7131741225135","organic-taro-powder","","Bulk Organic Powders - Divine Organic Ingredients","With a variety of flavors and nutrient-dense options to choose from, you’re sure to find the perfect organic powder for your meals. Shop now and enjoy the delicious, nutritious, and sustainable benefits of our organic powders."
"244922712239","powder","MERGE","Organic Powders","","Best Selling","","2026-02-19 04:11:02 -0800","true","2021-02-11 21:47:33 -0800","web","https://cdn.shopify.com/s/files/1/0506/6965/0095/collections/custom_resized_powders.jpg?v=1643816459","2048","903","","24","","","Title","Not Contains","tea","6299815116975","organic-coffee-cherry-powder","","",""
"244922712239","powder","MERGE","Organic Powders","","Best Selling","","2026-02-19 04:11:02 -0800","true","2021-02-11 21:47:33 -0800","web","https://cdn.shopify.com/s/files/1/0506/6965/0095/collections/custom_resized_powders.jpg?v=1643816459","2048","903","","25","","","","","","6912976847023","organic-molasses-powder","","",""
"244922712239","powder","MERGE","Organic Powders","","Best Selling","","2026-02-19 04:11:02 -0800","true","2021-02-11 21:47:33 -0800","web","https://cdn.shopify.com/s/files/1/0506/6965/0095/collections/custom_resized_powders.jpg?v=1643816459","2048","903","","26","","","","","","6912980091055","organic-lions-mane-powder","","",""
"244922712239","powder","MERGE","Organic Powders","","Best Selling","","2026-02-19 04:11:02 -0800","true","2021-02-11 21:47:33 -0800","web","https://cdn.shopify.com/s/files/1/0506/6965/0095/collections/custom_resized_powders.jpg?v=1643816459","2048","903","","27","","","","","","6912983728303","organic-rose-petals-powder","","",""
"244922712239","powder","MERGE","Organic Powders","","Best Selling","","2026-02-19 04:11:02 -0800","true","2021-02-11 21:47:33 -0800","web","https://cdn.shopify.com/s/files/1/0506/6965/0095/collections/custom_resized_powders.jpg?v=1643816459","2048","903","","28","","","","","","6912979304623","organic-reishi-mushroom-powder","","",""
"244922712239","powder","MERGE","Organic Powders","","Best Selling","","2026-02-19 04:11:02 -0800","true","2021-02-11 21:47:33 -0800","web","https://cdn.shopify.com/s/files/1/0506/6965/0095/collections/custom_resized_powders.jpg?v=1643816459","2048","903","","29","","","","","","6912974520495","organic-cordyceps-powder","","",""
"244922712239","powder","MERGE","Organic Powders","","Best Selling","","2026-02-19 04:11:02 -0800","true","2021-02-11 21:47:33 -0800","web","https://cdn.shopify.com/s/files/1/0506/6965/0095/collections/custom_resized_powders.jpg?v=1643816459","2048","903","","30","","","","","","6912981860527","organic-date-powder","","",""
"244922712239","powder","MERGE","Organic Powders","","Best Selling","","2026-02-19 04:11:02 -0800","true","2021-02-11 21:47:33 -0800","web","https://cdn.shopify.com/s/files/1/0506/6965/0095/collections/custom_resized_powders.jpg?v=1643816459","2048","903","","31","","","","","","6912977731759","organic-rhodioba-root-powder","","",""
"244922712239","powder","MERGE","Organic Powders","","Best Selling","","2026-02-19 04:11:02 -0800","true","2021-02-11 21:47:33 -0800","web","https://cdn.shopify.com/s/files/1/0506/6965/0095/collections/custom_resized_powders.jpg?v=1643816459","2048","903","","32","","","","","","7131641086127","organic-ashwagandha-powder","","",""
"244922712239","powder","MERGE","Organic Powders","","Best Selling","","2026-02-19 04:11:02 -0800","true","2021-02-11 21:47:33 -0800","web","https://cdn.shopify.com/s/files/1/0506/6965/0095/collections/custom_resized_powders.jpg?v=1643816459","2048","903","","33","","","","","","6299817672879","organic-coconut-milk-powder","","",""
"244922712239","powder","MERGE","Organic Powders","","Best Selling","","2026-02-19 04:11:02 -0800","true","2021-02-11 21:47:33 -0800","web","https://cdn.shopify.com/s/files/1/0506/6965/0095/collections/custom_resized_powders.jpg?v=1643816459","2048","903","","34","","","","","","6299811905711","organic-blueberry-powder","","",""
"244922712239","powder","MERGE","Organic Powders","","Best Selling","","2026-02-19 04:11:02 -0800","true","2021-02-11 21:47:33 -0800","web","https://cdn.shopify.com/s/files/1/0506/6965/0095/collections/custom_resized_powders.jpg?v=1643816459","2048","903","","35","","","","","","6912985465007","organic-chaga-powder","","",""
"244922712239","powder","MERGE","Organic Powders","","Best Selling","","2026-02-19 04:11:02 -0800","true","2021-02-11 21:47:33 -0800","web","https://cdn.shopify.com/s/files/1/0506/6965/0095/collections/custom_resized_powders.jpg?v=1643816459","2048","903","","36","","","","","","6912969703599","organic-pumpkin-powder","","",""
"244922712239","powder","MERGE","Organic Powders","","Best Selling","","2026-02-19 04:11:02 -0800","true","2021-02-11 21:47:33 -0800","web","https://cdn.shopify.com/s/files/1/0506/6965/0095/collections/custom_resized_powders.jpg?v=1643816459","2048","903","","37","","","","","","6299813773487","organic-strawberry-powder","","",""
"244922712239","powder","MERGE","Organic Powders","","Best Selling","","2026-02-19 04:11:02 -0800","true","2021-02-11 21:47:33 -0800","web","https://cdn.shopify.com/s/files/1/0506/6965/0095/collections/custom_resized_powders.jpg?v=1643816459","2048","903","","38","","","","","","6299795914927","organic-beetroot-powder","","",""
"244922712239","powder","MERGE","Organic Powders","","Best Selling","","2026-02-19 04:11:02 -0800","true","2021-02-11 21:47:33 -0800","web","https://cdn.shopify.com/s/files/1/0506/6965/0095/collections/custom_resized_powders.jpg?v=1643816459","2048","903","","39","","","","","","6912982319279","organic-lucumapowder","","",""
"244922712239","powder","MERGE","Organic Powders","","Best Selling","","2026-02-19 04:11:02 -0800","true","2021-02-11 21:47:33 -0800","web","https://cdn.shopify.com/s/files/1/0506/6965/0095/collections/custom_resized_powders.jpg?v=1643816459","2048","903","","40","","","","","","6912982188207","organic-cocoa-powder","","",""
"244922712239","powder","MERGE","Organic Powders","","Best Selling","","2026-02-19 04:11:02 -0800","true","2021-02-11 21:47:33 -0800","web","https://cdn.shopify.com/s/files/1/0506/6965/0095/collections/custom_resized_powders.jpg?v=1643816459","2048","903","","41","","","","","","6912971931823","organic-tart-cherries-powder","","",""
"244922712239","powder","MERGE","Organic Powders","","Best Selling","","2026-02-19 04:11:02 -0800","true","2021-02-11 21:47:33 -0800","web","https://cdn.shopify.com/s/files/1/0506/6965/0095/collections/custom_resized_powders.jpg?v=1643816459","2048","903","","42","","","","","","6299800273071","organic-blue-spirulina-powder","","",""
"244922712239","powder","MERGE","Organic Powders","","Best Selling","","2026-02-19 04:11:02 -0800","true","2021-02-11 21:47:33 -0800","web","https://cdn.shopify.com/s/files/1/0506/6965/0095/collections/custom_resized_powders.jpg?v=1643816459","2048","903","","43","","","","","","7598511816879","pumpkin-spice-latte-powder","","",""
"244922712239","powder","MERGE","Organic Powders","","Best Selling","","2026-02-19 04:11:02 -0800","true","2021-02-11 21:47:33 -0800","web","https://cdn.shopify.com/s/files/1/0506/6965/0095/collections/custom_resized_powders.jpg?v=1643816459","2048","903","","44","","","","","","6299803254959","organic-green-spirulina-powder","","",""
"244922712239","powder","MERGE","Organic Powders","","Best Selling","","2026-02-19 04:11:02 -0800","true","2021-02-11 21:47:33 -0800","web","https://cdn.shopify.com/s/files/1/0506/6965/0095/collections/custom_resized_powders.jpg?v=1643816459","2048","903","","45","","","","","","7131642953903","organic-mesquite-powder","","",""
"244922712239","powder","MERGE","Organic Powders","","Best Selling","","2026-02-19 04:11:02 -0800","true","2021-02-11 21:47:33 -0800","web","https://cdn.shopify.com/s/files/1/0506/6965/0095/collections/custom_resized_powders.jpg?v=1643816459","2048","903","","46","","","","","","6912973242543","organic-carob-powder","","",""
"244922712239","powder","MERGE","Organic Powders","","Best Selling","","2026-02-19 04:11:02 -0800","true","2021-02-11 21:47:33 -0800","web","https://cdn.shopify.com/s/files/1/0506/6965/0095/collections/custom_resized_powders.jpg?v=1643816459","2048","903","","47","","","","","","6299825242287","organic-turmeric-powder","","",""
"244922712239","powder","MERGE","Organic Powders","","Best Selling","","2026-02-19 04:11:02 -0800","true","2021-02-11 21:47:33 -0800","web","https://cdn.shopify.com/s/files/1/0506/6965/0095/collections/custom_resized_powders.jpg?v=1643816459","2048","903","","48","","","","","","6299806630063","organic-ginger-powder","","",""
"244922712239","powder","MERGE","Organic Powders","","Best Selling","","2026-02-19 04:11:02 -0800","true","2021-02-11 21:47:33 -0800","web","https://cdn.shopify.com/s/files/1/0506/6965/0095/collections/custom_resized_powders.jpg?v=1643816459","2048","903","","49","","","","","","6912984121519","organic-theanine-powder","","",""
"244922712239","powder","MERGE","Organic Powders","","Best Selling","","2026-02-19 04:11:02 -0800","true","2021-02-11 21:47:33 -0800","web","https://cdn.shopify.com/s/files/1/0506/6965/0095/collections/custom_resized_powders.jpg?v=1643816459","2048","903","","50","","","","","","6912980877487","organic-maca-powder","","",""
"244922712239","powder","MERGE","Organic Powders","","Best Selling","","2026-02-19 04:11:02 -0800","true","2021-02-11 21:47:33 -0800","web","https://cdn.shopify.com/s/files/1/0506/6965/0095/collections/custom_resized_powders.jpg?v=1643816459","2048","903","","51","","","","","","6299809939631","organic-cinnamon-powder","","",""
"244922712239","powder","MERGE","Organic Powders","","Best Selling","","2026-02-19 04:11:02 -0800","true","2021-02-11 21:47:33 -0800","web","https://cdn.shopify.com/s/files/1/0506/6965/0095/collections/custom_resized_powders.jpg?v=1643816459","2048","903","","52","","","","","","6912982941871","organic-rosehips-powder","","",""
"244922712239","powder","MERGE","Organic Powders","","Best Selling","","2026-02-19 04:11:02 -0800","true","2021-02-11 21:47:33 -0800","web","https://cdn.shopify.com/s/files/1/0506/6965/0095/collections/custom_resized_powders.jpg?v=1643816459","2048","903","","53","","","","","","6912969310383","organic-moringa-powder","","",""
"244922712239","powder","MERGE","Organic Powders","","Best Selling","","2026-02-19 04:11:02 -0800","true","2021-02-11 21:47:33 -0800","web","https://cdn.shopify.com/s/files/1/0506/6965/0095/collections/custom_resized_powders.jpg?v=1643816459","2048","903","","54","","","","","","6299829305519","organic-hemp-protein-powder","","",""
"244922712239","powder","MERGE","Organic Powders","","Best Selling","","2026-02-19 04:11:02 -0800","true","2021-02-11 21:47:33 -0800","web","https://cdn.shopify.com/s/files/1/0506/6965/0095/collections/custom_resized_powders.jpg?v=1643816459","2048","903","","55","","","","","","6299810824367","organic-cardamom-powder","","",""
"244922712239","powder","MERGE","Organic Powders","","Best Selling","","2026-02-19 04:11:02 -0800","true","2021-02-11 21:47:33 -0800","web","https://cdn.shopify.com/s/files/1/0506/6965/0095/collections/custom_resized_powders.jpg?v=1643816459","2048","903","","56","","","","","","6299808071855","organic-black-pepper-powder","","",""
"275468583087","shop-wholesale-with-divine","MERGE","Shop Wholesale With Divine!","","Best Selling","","2026-02-19 04:11:02 -0800","true","2021-08-04 13:24:30 -0700","web","","","","","57","true","any condition","Title","Contains","spice","7131741225135","organic-taro-powder","","",""
"275468583087","shop-wholesale-with-divine","MERGE","Shop Wholesale With Divine!","","Best Selling","","2026-02-19 04:11:02 -0800","true","2021-08-04 13:24:30 -0700","web","","","","","58","","","Title","Contains","powder","6299815116975","organic-coffee-cherry-powder","","",""
"275468583087","shop-wholesale-with-divine","MERGE","Shop Wholesale With Divine!","","Best Selling","","2026-02-19 04:11:02 -0800","true","2021-08-04 13:24:30 -0700","web","","","","","59","","","","","","6912976847023","organic-molasses-powder","","",""
"275468583087","shop-wholesale-with-divine","MERGE","Shop Wholesale With Divine!","","Best Selling","","2026-02-19 04:11:02 -0800","true","2021-08-04 13:24:30 -0700","web","","","","","60","","","","","","6912980091055","organic-lions-mane-powder","","",""
"275468583087","shop-wholesale-with-divine","MERGE","Shop Wholesale With Divine!","","Best Selling","","2026-02-19 04:11:02 -0800","true","2021-08-04 13:24:30 -0700","web","","","","","61","","","","","","6912983728303","organic-rose-petals-powder","","",""
"275468583087","shop-wholesale-with-divine","MERGE","Shop Wholesale With Divine!","","Best Selling","","2026-02-19 04:11:02 -0800","true","2021-08-04 13:24:30 -0700","web","","","","","62","","","","","","6912979304623","organic-reishi-mushroom-powder","","",""
"275468583087","shop-wholesale-with-divine","MERGE","Shop Wholesale With Divine!","","Best Selling","","2026-02-19 04:11:02 -0800","true","2021-08-04 13:24:30 -0700","web","","","","","63","","","","","","7131643805871","supreme-matcha","","",""
"275468583087","shop-wholesale-with-divine","MERGE","Shop Wholesale With Divine!","","Best Selling","","2026-02-19 04:11:02 -0800","true","2021-08-04 13:24:30 -0700","web","","","","","64","","","","","","6912974520495","organic-cordyceps-powder","","",""
"275468583087","shop-wholesale-with-divine","MERGE","Shop Wholesale With Divine!","","Best Selling","","2026-02-19 04:11:02 -0800","true","2021-08-04 13:24:30 -0700","web","","","","","65","","","","","","6912981860527","organic-date-powder","","",""
"275468583087","shop-wholesale-with-divine","MERGE","Shop Wholesale With Divine!","","Best Selling","","2026-02-19 04:11:02 -0800","true","2021-08-04 13:24:30 -0700","web","","","","","66","","","","","","6912977731759","organic-rhodioba-root-powder","","",""
"275468583087","shop-wholesale-with-divine","MERGE","Shop Wholesale With Divine!","","Best Selling","","2026-02-19 04:11:02 -0800","true","2021-08-04 13:24:30 -0700","web","","","","","67","","","","","","7131641086127","organic-ashwagandha-powder","","",""
"275468583087","shop-wholesale-with-divine","MERGE","Shop Wholesale With Divine!","","Best Selling","","2026-02-19 04:11:02 -0800","true","2021-08-04 13:24:30 -0700","web","","","","","68","","","","","","6299817672879","organic-coconut-milk-powder","","",""
"275468583087","shop-wholesale-with-divine","MERGE","Shop Wholesale With Divine!","","Best Selling","","2026-02-19 04:11:02 -0800","true","2021-08-04 13:24:30 -0700","web","","","","","69","","","","","","6299811905711","organic-blueberry-powder","","",""
"275468583087","shop-wholesale-with-divine","MERGE","Shop Wholesale With Divine!","","Best Selling","","2026-02-19 04:11:02 -0800","true","2021-08-04 13:24:30 -0700","web","","","","","70","","","","","","6145653440687","ceremonial-matcha","","",""
"275468583087","shop-wholesale-with-divine","MERGE","Shop Wholesale With Divine!","","Best Selling","","2026-02-19 04:11:02 -0800","true","2021-08-04 13:24:30 -0700","web","","","","","71","","","","","","6912985465007","organic-chaga-powder","","",""
"275468583087","shop-wholesale-with-divine","MERGE","Shop Wholesale With Divine!","","Best Selling","","2026-02-19 04:11:02 -0800","true","2021-08-04 13:24:30 -0700","web","","","","","72","","","","","","6912969703599","organic-pumpkin-powder","","",""
"275468583087","shop-wholesale-with-divine","MERGE","Shop Wholesale With Divine!","","Best Selling","","2026-02-19 04:11:02 -0800","true","2021-08-04 13:24:30 -0700","web","","","","","73","","","","","","6299813773487","organic-strawberry-powder","","",""
"275468583087","shop-wholesale-with-divine","MERGE","Shop Wholesale With Divine!","","Best Selling","","2026-02-19 04:11:02 -0800","true","2021-08-04 13:24:30 -0700","web","","","","","74","","","","","","6299795914927","organic-beetroot-powder","","",""
"275468583087","shop-wholesale-with-divine","MERGE","Shop Wholesale With Divine!","","Best Selling","","2026-02-19 04:11:02 -0800","true","2021-08-04 13:24:30 -0700","web","","","","","75","","","","","","6127717122223","pumpkin-spice-black-tea","","",""
"275468583087","shop-wholesale-with-divine","MERGE","Shop Wholesale With Divine!","","Best Selling","","2026-02-19 04:11:02 -0800","true","2021-08-04 13:24:30 -0700","web","","","","","76","","","","","","6912982319279","organic-lucumapowder","","",""
"275468583087","shop-wholesale-with-divine","MERGE","Shop Wholesale With Divine!","","Best Selling","","2026-02-19 04:11:02 -0800","true","2021-08-04 13:24:30 -0700","web","","","","","77","","","","","","6912982188207","organic-cocoa-powder","","",""
"275468583087","shop-wholesale-with-divine","MERGE","Shop Wholesale With Divine!","","Best Selling","","2026-02-19 04:11:02 -0800","true","2021-08-04 13:24:30 -0700","web","","","","","78","","","","","","6912971931823","organic-tart-cherries-powder","","",""
"275468583087","shop-wholesale-with-divine","MERGE","Shop Wholesale With Divine!","","Best Selling","","2026-02-19 04:11:02 -0800","true","2021-08-04 13:24:30 -0700","web","","","","","79","","","","","","6299800273071","organic-blue-spirulina-powder","","",""
"275468583087","shop-wholesale-with-divine","MERGE","Shop Wholesale With Divine!","","Best Selling","","2026-02-19 04:11:02 -0800","true","2021-08-04 13:24:30 -0700","web","","","","","80","","","","","","6127719186607","organic-anise-star-spice","","",""
"275468583087","shop-wholesale-with-divine","MERGE","Shop Wholesale With Divine!","","Best Selling","","2026-02-19 04:11:02 -0800","true","2021-08-04 13:24:30 -0700","web","","","","","81","","","","","","7598511816879","pumpkin-spice-latte-powder","","",""
"275468583087","shop-wholesale-with-divine","MERGE","Shop Wholesale With Divine!","","Best Selling","","2026-02-19 04:11:02 -0800","true","2021-08-04 13:24:30 -0700","web","","","","","82","","","","","","6299803254959","organic-green-spirulina-powder","","",""
"275468583087","shop-wholesale-with-divine","MERGE","Shop Wholesale With Divine!","","Best Selling","","2026-02-19 04:11:02 -0800","true","2021-08-04 13:24:30 -0700","web","","","","","83","","","","","","6145684177071","culinary-matcha","","",""
"275468583087","shop-wholesale-with-divine","MERGE","Shop Wholesale With Divine!","","Best Selling","","2026-02-19 04:11:02 -0800","true","2021-08-04 13:24:30 -0700","web","","","","","84","","","","","","6127719612591","organic-licorice-spice","","",""
"275468583087","shop-wholesale-with-divine","MERGE","Shop Wholesale With Divine!","","Best Selling","","2026-02-19 04:11:02 -0800","true","2021-08-04 13:24:30 -0700","web","","","","","85","","","","","","7131642953903","organic-mesquite-powder","","",""
"275468583087","shop-wholesale-with-divine","MERGE","Shop Wholesale With Divine!","","Best Selling","","2026-02-19 04:11:02 -0800","true","2021-08-04 13:24:30 -0700","web","","","","","86","","","","","","6912973242543","organic-carob-powder","","",""
"275468583087","shop-wholesale-with-divine","MERGE","Shop Wholesale With Divine!","","Best Selling","","2026-02-19 04:11:02 -0800","true","2021-08-04 13:24:30 -0700","web","","","","","87","","","","","","6299825242287","organic-turmeric-powder","","",""
"275468583087","shop-wholesale-with-divine","MERGE","Shop Wholesale With Divine!","","Best Selling","","2026-02-19 04:11:02 -0800","true","2021-08-04 13:24:30 -0700","web","","","","","88","","","","","","6299806630063","organic-ginger-powder","","",""
"275468583087","shop-wholesale-with-divine","MERGE","Shop Wholesale With Divine!","","Best Selling","","2026-02-19 04:11:02 -0800","true","2021-08-04 13:24:30 -0700","web","","","","","89","","","","","","6127719514287","organic-fennel-spice","","",""
"275468583087","shop-wholesale-with-divine","MERGE","Shop Wholesale With Divine!","","Best Selling","","2026-02-19 04:11:02 -0800","true","2021-08-04 13:24:30 -0700","web","","","","","90","","","","","","6127719219375","organic-black-pepper-spice","","",""
"275468583087","shop-wholesale-with-divine","MERGE","Shop Wholesale With Divine!","","Best Selling","","2026-02-19 04:11:02 -0800","true","2021-08-04 13:24:30 -0700","web","","","","","91","","","","","","6912984121519","organic-theanine-powder","","",""
"275468583087","shop-wholesale-with-divine","MERGE","Shop Wholesale With Divine!","","Best Selling","","2026-02-19 04:11:02 -0800","true","2021-08-04 13:24:30 -0700","web","","","","","92","","","","","","6912980877487","organic-maca-powder","","",""
"275468583087","shop-wholesale-with-divine","MERGE","Shop Wholesale With Divine!","","Best Selling","","2026-02-19 04:11:02 -0800","true","2021-08-04 13:24:30 -0700","web","","","","","93","","","","","","6299809939631","organic-cinnamon-powder","","",""
"275468583087","shop-wholesale-with-divine","MERGE","Shop Wholesale With Divine!","","Best Selling","","2026-02-19 04:11:02 -0800","true","2021-08-04 13:24:30 -0700","web","","","","","94","","","","","","6127719415983","organic-cloves-spice","","",""
"275468583087","shop-wholesale-with-divine","MERGE","Shop Wholesale With Divine!","","Best Selling","","2026-02-19 04:11:02 -0800","true","2021-08-04 13:24:30 -0700","web","","","","","95","","","","","","6127719317679","organic-cinnamon-spice","","",""
"275468583087","shop-wholesale-with-divine","MERGE","Shop Wholesale With Divine!","","Best Selling","","2026-02-19 04:11:02 -0800","true","2021-08-04 13:24:30 -0700","web","","","","","96","","","","","","6127719284911","organic-cardamom-spice","","",""
"275468583087","shop-wholesale-with-divine","MERGE","Shop Wholesale With Divine!","","Best Selling","","2026-02-19 04:11:02 -0800","true","2021-08-04 13:24:30 -0700","web","","","","","97","","","","","","6912982941871","organic-rosehips-powder","","",""
"275468583087","shop-wholesale-with-divine","MERGE","Shop Wholesale With Divine!","","Best Selling","","2026-02-19 04:11:02 -0800","true","2021-08-04 13:24:30 -0700","web","","","","","98","","","","","","6912969310383","organic-moringa-powder","","",""
"275468583087","shop-wholesale-with-divine","MERGE","Shop Wholesale With Divine!","","Best Selling","","2026-02-19 04:11:02 -0800","true","2021-08-04 13:24:30 -0700","web","","","","","99","","","","","","6299829305519","organic-hemp-protein-powder","","",""
"275468583087","shop-wholesale-with-divine","MERGE","Shop Wholesale With Divine!","","Best Selling","","2026-02-19 04:11:02 -0800","true","2021-08-04 13:24:30 -0700","web","","","","","100","","","","","","6299810824367","organic-cardamom-powder","","",""
"275468583087","shop-wholesale-with-divine","MERGE","Shop Wholesale With Divine!","","Best Selling","","2026-02-19 04:11:02 -0800","true","2021-08-04 13:24:30 -0700","web","","","","","101","","","","","","6299808071855","organic-black-pepper-powder","","",""
"275468583087","shop-wholesale-with-divine","MERGE","Shop Wholesale With Divine!","","Best Selling","","2026-02-19 04:11:02 -0800","true","2021-08-04 13:24:30 -0700","web","","","","","102","","","","","","6127719710895","organic-turmeric-spice","","",""
"275468583087","shop-wholesale-with-divine","MERGE","Shop Wholesale With Divine!","","Best Selling","","2026-02-19 04:11:02 -0800","true","2021-08-04 13:24:30 -0700","web","","","","","103","","","","","","6127719678127","organic-nutmeg-spice","","",""
"275468583087","shop-wholesale-with-divine","MERGE","Shop Wholesale With Divine!","","Best Selling","","2026-02-19 04:11:02 -0800","true","2021-08-04 13:24:30 -0700","web","","","","","104","","","","","","6127719547055","organic-ginger-spice","","",""
"275468583087","shop-wholesale-with-divine","MERGE","Shop Wholesale With Divine!","","Best Selling","","2026-02-19 04:11:02 -0800","true","2021-08-04 13:24:30 -0700","web","","","","","105","","","","","","6127719448751","organic-cocoa-shells-spice","","",""
"275468583087","shop-wholesale-with-divine","MERGE","Shop Wholesale With Divine!","","Best Selling","","2026-02-19 04:11:02 -0800","true","2021-08-04 13:24:30 -0700","web","","","","","106","","","","","","6127718006959","chinese-gunpowder-green-tea","","",""
"308458422447","best-seller-internal-use","MERGE","Best Seller (internal use)","","Manual","","2026-02-23 14:54:57 -0800","","","web","","","","","107","true","all conditions","Title","Not Contains","tdfhidden","7131741225135","organic-taro-powder","1","",""
"308458422447","best-seller-internal-use","MERGE","Best Seller (internal use)","","Manual","","2026-02-23 14:54:57 -0800","","","web","","","","","108","","","","","","6299815116975","organic-coffee-cherry-powder","2","",""
"308458422447","best-seller-internal-use","MERGE","Best Seller (internal use)","","Manual","","2026-02-23 14:54:57 -0800","","","web","","","","","109","","","","","","6912976847023","organic-molasses-powder","3","",""
"308458422447","best-seller-internal-use","MERGE","Best Seller (internal use)","","Manual","","2026-02-23 14:54:57 -0800","","","web","","","","","110","","","","","","6912980091055","organic-lions-mane-powder","4","",""
"308458422447","best-seller-internal-use","MERGE","Best Seller (internal use)","","Manual","","2026-02-23 14:54:57 -0800","","","web","","","","","111","","","","","","6912983728303","organic-rose-petals-powder","5","",""
"308458422447","best-seller-internal-use","MERGE","Best Seller (internal use)","","Manual","","2026-02-23 14:54:57 -0800","","","web","","","","","112","","","","","","6912979304623","organic-reishi-mushroom-powder","6","",""
"308458422447","best-seller-internal-use","MERGE","Best Seller (internal use)","","Manual","","2026-02-23 14:54:57 -0800","","","web","","","","","113","","","","","","6127715811503","organic-hibiscus-botanicals","7","",""
"308458422447","best-seller-internal-use","MERGE","Best Seller (internal use)","","Manual","","2026-02-23 14:54:57 -0800","","","web","","","","","114","","","","","","7131643805871","supreme-matcha","8","",""
"308458422447","best-seller-internal-use","MERGE","Best Seller (internal use)","","Manual","","2026-02-23 14:54:57 -0800","","","web","","","","","115","","","","","","6912974520495","organic-cordyceps-powder","9","",""
"308458422447","best-seller-internal-use","MERGE","Best Seller (internal use)","","Manual","","2026-02-23 14:54:57 -0800","","","web","","","","","116","","","","","","6912981860527","organic-date-powder","10","",""
"308458422447","best-seller-internal-use","MERGE","Best Seller (internal use)","","Manual","","2026-02-23 14:54:57 -0800","","","web","","","","","117","","","","","","6912977731759","organic-rhodioba-root-powder","11","",""
"308458422447","best-seller-internal-use","MERGE","Best Seller (internal use)","","Manual","","2026-02-23 14:54:57 -0800","","","web","","","","","118","","","","","","6127716303023","organic-rose-petals-botanicals","12","",""
"308458422447","best-seller-internal-use","MERGE","Best Seller (internal use)","","Manual","","2026-02-23 14:54:57 -0800","","","web","","","","","119","","","","","","7131641086127","organic-ashwagandha-powder","13","",""
"308458422447","best-seller-internal-use","MERGE","Best Seller (internal use)","","Manual","","2026-02-23 14:54:57 -0800","","","web","","","","","120","","","","","","6127716565167","organic-assam-black-tea","14","",""
"308458422447","best-seller-internal-use","MERGE","Best Seller (internal use)","","Manual","","2026-02-23 14:54:57 -0800","","","web","","","","","121","","","","","","6299817672879","organic-coconut-milk-powder","15","",""
"308458422447","best-seller-internal-use","MERGE","Best Seller (internal use)","","Manual","","2026-02-23 14:54:57 -0800","","","web","","","","","122","","","","","","6299811905711","organic-blueberry-powder","16","",""
"308458422447","best-seller-internal-use","MERGE","Best Seller (internal use)","","Manual","","2026-02-23 14:54:57 -0800","","","web","","","","","123","","","","","","6145653440687","ceremonial-matcha","17","",""
"308458422447","best-seller-internal-use","MERGE","Best Seller (internal use)","","Manual","","2026-02-23 14:54:57 -0800","","","web","","","","","124","","","","","","6127715352751","organic-chamomile-flowers-botanicals","18","",""
"308458422447","best-seller-internal-use","MERGE","Best Seller (internal use)","","Manual","","2026-02-23 14:54:57 -0800","","","web","","","","","125","","","","","","6912985465007","organic-chaga-powder","19","",""
"308458422447","best-seller-internal-use","MERGE","Best Seller (internal use)","","Manual","","2026-02-23 14:54:57 -0800","","","web","","","","","126","","","","","","6912969703599","organic-pumpkin-powder","20","",""
"308458422447","best-seller-internal-use","MERGE","Best Seller (internal use)","","Manual","","2026-02-23 14:54:57 -0800","","","web","","","","","127","","","","","","6912968261807","organic-coconut-sugar","21","",""
"308458422447","best-seller-internal-use","MERGE","Best Seller (internal use)","","Manual","","2026-02-23 14:54:57 -0800","","","web","","","","","128","","","","","","6127717613743","chinese-jasmine-green-tea","22","",""
"308458422447","best-seller-internal-use","MERGE","Best Seller (internal use)","","Manual","","2026-02-23 14:54:57 -0800","","","web","","","","","129","","","","","","6127716597935","classic-english-breakfast-black-tea","23","",""
"308458422447","best-seller-internal-use","MERGE","Best Seller (internal use)","","Manual","","2026-02-23 14:54:57 -0800","","","web","","","","","130","","","","","","6127715778735","organic-green-rooibos-botanicals","24","",""
"308458422447","best-seller-internal-use","MERGE","Best Seller (internal use)","","Manual","","2026-02-23 14:54:57 -0800","","","web","","","","","131","","","","","","8102156632239","matcha-subscription-box","25","",""
"308458422447","best-seller-internal-use","MERGE","Best Seller (internal use)","","Manual","","2026-02-23 14:54:57 -0800","","","web","","","","","132","","","","","","6299813773487","organic-strawberry-powder","26","",""
"308458422447","best-seller-internal-use","MERGE","Best Seller (internal use)","","Manual","","2026-02-23 14:54:57 -0800","","","web","","","","","133","","","","","","6299795914927","organic-beetroot-powder","27","",""
"308458422447","best-seller-internal-use","MERGE","Best Seller (internal use)","","Manual","","2026-02-23 14:54:57 -0800","","","web","","","","","134","","","","","","6127718432943","hibiscus-punch-herbal-tea","28","",""
"308458422447","best-seller-internal-use","MERGE","Best Seller (internal use)","","Manual","","2026-02-23 14:54:57 -0800","","","web","","","","","135","","","","","","6127717122223","pumpkin-spice-black-tea","29","",""
"308458422447","best-seller-internal-use","MERGE","Best Seller (internal use)","","Manual","","2026-02-23 14:54:57 -0800","","","web","","","","","136","","","","","","6127715877039","organic-jasmine-flowers-botanicals","30","",""
"308458422447","best-seller-internal-use","MERGE","Best Seller (internal use)","","Manual","","2026-02-23 14:54:57 -0800","","","web","","","","","137","","","","","","6912982319279","organic-lucumapowder","31","",""
"308458422447","best-seller-internal-use","MERGE","Best Seller (internal use)","","Manual","","2026-02-23 14:54:57 -0800","","","web","","","","","138","","","","","","6912982188207","organic-cocoa-powder","32","",""
"308458422447","best-seller-internal-use","MERGE","Best Seller (internal use)","","Manual","","2026-02-23 14:54:57 -0800","","","web","","","","","139","","","","","","6912971931823","organic-tart-cherries-powder","33","",""
"308458422447","best-seller-internal-use","MERGE","Best Seller (internal use)","","Manual","","2026-02-23 14:54:57 -0800","","","web","","","","","140","","","","","","6299800273071","organic-blue-spirulina-powder","34","",""
"308458422447","best-seller-internal-use","MERGE","Best Seller (internal use)","","Manual","","2026-02-23 14:54:57 -0800","","","web","","","","","141","","","","","","6127719907503","ginger-turmeric-lemongrass-wellness-tea","35","",""
"308458422447","best-seller-internal-use","MERGE","Best Seller (internal use)","","Manual","","2026-02-23 14:54:57 -0800","","","web","","","","","142","","","","","","6127719153839","peach-oolong-tea","36","",""
"308458422447","best-seller-internal-use","MERGE","Best Seller (internal use)","","Manual","","2026-02-23 14:54:57 -0800","","","web","","","","","143","","","","","","6127716630703","chocolate-kisses-black-tea","37","",""
"308458422447","best-seller-internal-use","MERGE","Best Seller (internal use)","","Manual","","2026-02-23 14:54:57 -0800","","","web","","","","","144","","","","","","6127716106415","organic-lemongrass-botanicals","38","",""
"308458422447","best-seller-internal-use","MERGE","Best Seller (internal use)","","Manual","","2026-02-23 14:54:57 -0800","","","web","","","","","145","","","","","","6127715549359","organic-cut-rosehips-botanicals","39","",""
"308458422447","best-seller-internal-use","MERGE","Best Seller (internal use)","","Manual","","2026-02-23 14:54:57 -0800","","","web","","","","","146","","","","","","6127715319983","organic-calendula-petals-botanicals","40","",""
"308458422447","best-seller-internal-use","MERGE","Best Seller (internal use)","","Manual","","2026-02-23 14:54:57 -0800","","","web","","","","","147","","","","","","7157683126447","ceylon-black-tea","41","",""
"308458422447","best-seller-internal-use","MERGE","Best Seller (internal use)","","Manual","","2026-02-23 14:54:57 -0800","","","web","","","","","148","","","","","","6127719186607","organic-anise-star-spice","42","",""
"308458422447","best-seller-internal-use","MERGE","Best Seller (internal use)","","Manual","","2026-02-23 14:54:57 -0800","","","web","","","","","149","","","","","","6127718858927","yellow-mellow-mint-herbal-tea","43","",""
"308458422447","best-seller-internal-use","MERGE","Best Seller (internal use)","","Manual","","2026-02-23 14:54:57 -0800","","","web","","","","","150","","","","","","6127718334639","chamomile-care-herbal-tea","44","",""
"308458422447","best-seller-internal-use","MERGE","Best Seller (internal use)","","Manual","","2026-02-23 14:54:57 -0800","","","web","","","","","151","","","","","","6127718072495","tropical-sunshine-green-tea","45","",""
"308458422447","best-seller-internal-use","MERGE","Best Seller (internal use)","","Manual","","2026-02-23 14:54:57 -0800","","","web","","","","","152","","","","","","6127717810351","peach-mango-tango-green-tea","46","",""
"308458422447","best-seller-internal-use","MERGE","Best Seller (internal use)","","Manual","","2026-02-23 14:54:57 -0800","","","web","","","","","153","","","","","","6127717220527","elderberry-green-tea","47","",""
"308458422447","best-seller-internal-use","MERGE","Best Seller (internal use)","","Manual","","2026-02-23 14:54:57 -0800","","","web","","","","","154","","","","","","6127716794543","chinese-keemun-black-tea","48","",""
"308458422447","best-seller-internal-use","MERGE","Best Seller (internal use)","","Manual","","2026-02-23 14:54:57 -0800","","","web","","","","","155","","","","","","6127716729007","divine-earl-grey-black-tea","49","",""
"308458422447","best-seller-internal-use","MERGE","Best Seller (internal use)","","Manual","","2026-02-23 14:54:57 -0800","","","web","","","","","156","","","","","","6127716466863","organic-valerian-root-botanicals","50","",""
"308458422447","best-seller-internal-use","MERGE","Best Seller (internal use)","","Manual","","2026-02-23 14:54:57 -0800","","","web","","","","","157","","","","","","7598511816879","pumpkin-spice-latte-powder","51","",""
"308458422447","best-seller-internal-use","MERGE","Best Seller (internal use)","","Manual","","2026-02-23 14:54:57 -0800","","","web","","","","","158","","","","","","6299803254959","organic-green-spirulina-powder","52","",""
"308458422447","best-seller-internal-use","MERGE","Best Seller (internal use)","","Manual","","2026-02-23 14:54:57 -0800","","","web","","","","","159","","","","","","6145684177071","culinary-matcha","53","",""
"308458422447","best-seller-internal-use","MERGE","Best Seller (internal use)","","Manual","","2026-02-23 14:54:57 -0800","","","web","","","","","160","","","","","","6127719612591","organic-licorice-spice","54","",""
"308458422447","best-seller-internal-use","MERGE","Best Seller (internal use)","","Manual","","2026-02-23 14:54:57 -0800","","","web","","","","","161","","","","","","6127719121071","golden-pineapple-oolong-tea","55","",""
"308458422447","best-seller-internal-use","MERGE","Best Seller (internal use)","","Manual","","2026-02-23 14:54:57 -0800","","","web","","","","","162","","","","","","6127717548207","japanese-sencha-green-tea","56","",""
"308458422447","best-seller-internal-use","MERGE","Best Seller (internal use)","","Manual","","2026-02-23 14:54:57 -0800","","","web","","","","","163","","","","","","6127717286063","apple-mint-green-tea","57","",""
"308458422447","best-seller-internal-use","MERGE","Best Seller (internal use)","","Manual","","2026-02-23 14:54:57 -0800","","","web","","","","","164","","","","","","6127717154991","red-roses-black-tea","58","",""
"308458422447","best-seller-internal-use","MERGE","Best Seller (internal use)","","Manual","","2026-02-23 14:54:57 -0800","","","web","","","","","165","","","","","","6127715680431","organic-elderberries-botanicals","59","",""
"308458422447","best-seller-internal-use","MERGE","Best Seller (internal use)","","Manual","","2026-02-23 14:54:57 -0800","","","web","","","","","166","","","","","","6127715614895","organic-dandelion-root-botanicals","60","",""
"308458422447","best-seller-internal-use","MERGE","Best Seller (internal use)","","Manual","","2026-02-23 14:54:57 -0800","","","web","","","","","167","","","","","","7131642953903","organic-mesquite-powder","61","",""
"308458422447","best-seller-internal-use","MERGE","Best Seller (internal use)","","Manual","","2026-02-23 14:54:57 -0800","","","web","","","","","168","","","","","","7131640889519","love-potion","62","",""
"308458422447","best-seller-internal-use","MERGE","Best Seller (internal use)","","Manual","","2026-02-23 14:54:57 -0800","","","web","","","","","169","","","","","","6912985006255","organic-maple-sugar","63","",""
"308458422447","best-seller-internal-use","MERGE","Best Seller (internal use)","","Manual","","2026-02-23 14:54:57 -0800","","","web","","","","","170","","","","","","6912973242543","organic-carob-powder","64","",""
"308458422447","best-seller-internal-use","MERGE","Best Seller (internal use)","","Manual","","2026-02-23 14:54:57 -0800","","","web","","","","","171","","","","","","6299825242287","organic-turmeric-powder","65","",""
"308458422447","best-seller-internal-use","MERGE","Best Seller (internal use)","","Manual","","2026-02-23 14:54:57 -0800","","","web","","","","","172","","","","","","6299806630063","organic-ginger-powder","66","",""
"308458422447","best-seller-internal-use","MERGE","Best Seller (internal use)","","Manual","","2026-02-23 14:54:57 -0800","","","web","","","","","173","","","","","","6127719940271","mango-turmeric-tulsi-wellness-tea","67","",""
"308458422447","best-seller-internal-use","MERGE","Best Seller (internal use)","","Manual","","2026-02-23 14:54:57 -0800","","","web","","","","","174","","","","","","6127719514287","organic-fennel-spice","68","",""
"308458422447","best-seller-internal-use","MERGE","Best Seller (internal use)","","Manual","","2026-02-23 14:54:57 -0800","","","web","","","","","175","","","","","","6127719219375","organic-black-pepper-spice","69","",""
"308458422447","best-seller-internal-use","MERGE","Best Seller (internal use)","","Manual","","2026-02-23 14:54:57 -0800","","","web","","","","","176","","","","","","6127719088303","lemon-green-oolong-tea","70","",""
"308458422447","best-seller-internal-use","MERGE","Best Seller (internal use)","","Manual","","2026-02-23 14:54:57 -0800","","","web","","","","","177","","","","","","6127717089455","pu-erh-black-tea","71","",""
"308458422447","best-seller-internal-use","MERGE","Best Seller (internal use)","","Manual","","2026-02-23 14:54:57 -0800","","","web","","","","","178","","","","","","6127717056687","pina-colada-black-tea","72","",""
"308458422447","best-seller-internal-use","MERGE","Best Seller (internal use)","","Manual","","2026-02-23 14:54:57 -0800","","","web","","","","","179","","","","","","6127716696239","chocolate-mint-black-tea","73","",""
"308458422447","best-seller-internal-use","MERGE","Best Seller (internal use)","","Manual","","2026-02-23 14:54:57 -0800","","","web","","","","","180","","","","","","6127715942575","organic-juniper-berries-botanicals","74","",""
"308458422447","best-seller-internal-use","MERGE","Best Seller (internal use)","","Manual","","2026-02-23 14:54:57 -0800","","","web","","","","","181","","","","","","6127715418287","organic-chicory-root-botanicals","75","",""
"308458422447","best-seller-internal-use","MERGE","Best Seller (internal use)","","Manual","","2026-02-23 14:54:57 -0800","","","web","","","","","182","","","","","","6127715221679","organic-astragalus-root-botanicals","76","",""
"308458422447","best-seller-internal-use","MERGE","Best Seller (internal use)","","Manual","","2026-02-23 14:54:57 -0800","","","web","","","","","183","","","","","","6912984121519","organic-theanine-powder","77","",""
"308458422447","best-seller-internal-use","MERGE","Best Seller (internal use)","","Manual","","2026-02-23 14:54:57 -0800","","","web","","","","","184","","","","","","6912980877487","organic-maca-powder","78","",""
"308458422447","best-seller-internal-use","MERGE","Best Seller (internal use)","","Manual","","2026-02-23 14:54:57 -0800","","","web","","","","","185","","","","","","6734191394991","peach-mango-tango-iced-tea","79","",""
"308458422447","best-seller-internal-use","MERGE","Best Seller (internal use)","","Manual","","2026-02-23 14:54:57 -0800","","","web","","","","","186","","","","","","6299809939631","organic-cinnamon-powder","80","",""
"308458422447","best-seller-internal-use","MERGE","Best Seller (internal use)","","Manual","","2026-02-23 14:54:57 -0800","","","web","","","","","187","","","","","","6163658342575","organic-daily-detox","81","",""
"308458422447","best-seller-internal-use","MERGE","Best Seller (internal use)","","Manual","","2026-02-23 14:54:57 -0800","","","web","","","","","188","","","","","","6163657064623","organic-cleanse","82","",""
"308458422447","best-seller-internal-use","MERGE","Best Seller (internal use)","","Manual","","2026-02-23 14:54:57 -0800","","","web","","","","","189","","","","","","6149218599087","glass-tea-pot","83","",""
"308458422447","best-seller-internal-use","MERGE","Best Seller (internal use)","","Manual","","2026-02-23 14:54:57 -0800","","","web","","","","","190","","","","","","6127720071343","serenity-wellness-tea","84","",""
"308458422447","best-seller-internal-use","MERGE","Best Seller (internal use)","","Manual","","2026-02-23 14:54:57 -0800","","","web","","","","","191","","","","","","6127720005807","roots-and-chai-wellness-tea","85","",""
"308458422447","best-seller-internal-use","MERGE","Best Seller (internal use)","","Manual","","2026-02-23 14:54:57 -0800","","","web","","","","","192","","","","","","6127719415983","organic-cloves-spice","86","",""
"308458422447","best-seller-internal-use","MERGE","Best Seller (internal use)","","Manual","","2026-02-23 14:54:57 -0800","","","web","","","","","193","","","","","","6127719317679","organic-cinnamon-spice","87","",""
"308458422447","best-seller-internal-use","MERGE","Best Seller (internal use)","","Manual","","2026-02-23 14:54:57 -0800","","","web","","","","","194","","","","","","6127719284911","organic-cardamom-spice","88","",""
"308458422447","best-seller-internal-use","MERGE","Best Seller (internal use)","","Manual","","2026-02-23 14:54:57 -0800","","","web","","","","","195","","","","","","6127718891695","divine-ruby-red-iced-tea","89","",""
"308458422447","best-seller-internal-use","MERGE","Best Seller (internal use)","","Manual","","2026-02-23 14:54:57 -0800","","","web","","","","","196","","","","","","6127718629551","organic-turmeric-herbal-tea","90","",""
"308458422447","best-seller-internal-use","MERGE","Best Seller (internal use)","","Manual","","2026-02-23 14:54:57 -0800","","","web","","","","","197","","","","","","6127718498479","magic-of-roses-herbal-tea","91","",""
"308458422447","best-seller-internal-use","MERGE","Best Seller (internal use)","","Manual","","2026-02-23 14:54:57 -0800","","","web","","","","","198","","","","","","6127718170799","wine-berry-herbal-tea","92","",""
"308458422447","best-seller-internal-use","MERGE","Best Seller (internal use)","","Manual","","2026-02-23 14:54:57 -0800","","","web","","","","","199","","","","","","6127718105263","apple-papaya-island-herbal","93","",""
"308458422447","best-seller-internal-use","MERGE","Best Seller (internal use)","","Manual","","2026-02-23 14:54:57 -0800","","","web","","","","","200","","","","","","6127717941423","honey-lemon-sunday-green-tea","94","",""
"308458422447","best-seller-internal-use","MERGE","Best Seller (internal use)","","Manual","","2026-02-23 14:54:57 -0800","","","web","","","","","201","","","","","","6127717875887","rainbow-rain-green-tea","95","",""
"308458422447","best-seller-internal-use","MERGE","Best Seller (internal use)","","Manual","","2026-02-23 14:54:57 -0800","","","web","","","","","202","","","","","","6127716991151","mumbai-chai","96","",""
"308458422447","best-seller-internal-use","MERGE","Best Seller (internal use)","","Manual","","2026-02-23 14:54:57 -0800","","","web","","","","","203","","","","","","6127716270255","organic-peppermint-leaves-botanicals","97","",""
"308458422447","best-seller-internal-use","MERGE","Best Seller (internal use)","","Manual","","2026-02-23 14:54:57 -0800","","","web","","","","","204","","","","","","6127716073647","organic-lemon-verbena-botanicals","98","",""
"308458422447","best-seller-internal-use","MERGE","Best Seller (internal use)","","Manual","","2026-02-23 14:54:57 -0800","","","web","","","","","205","","","","","","6127715516591","organic-cornflower-petals-botanicals","99","",""
"308458422447","best-seller-internal-use","MERGE","Best Seller (internal use)","","Manual","","2026-02-23 14:54:57 -0800","","","web","","","","","206","","","","","","8320853475503","supreme-matcha-subscription","100","",""
"308458422447","best-seller-internal-use","MERGE","Best Seller (internal use)","","Manual","","2026-02-23 14:54:57 -0800","","","web","","","","","207","","","","","","8067019669679","seasonal-subscription-box","101","",""
"308458422447","best-seller-internal-use","MERGE","Best Seller (internal use)","","Manual","","2026-02-23 14:54:57 -0800","","","web","","","","","208","","","","","","7157672804527","china-black-tea","102","",""
"308458422447","best-seller-internal-use","MERGE","Best Seller (internal use)","","Manual","","2026-02-23 14:54:57 -0800","","","web","","","","","209","","","","","","7138933997743","heart-hemp-tea","103","",""
"308458422447","best-seller-internal-use","MERGE","Best Seller (internal use)","","Manual","","2026-02-23 14:54:57 -0800","","","web","","","","","210","","","","","","7138926067887","think-hemp-tea","104","",""
"308458422447","best-seller-internal-use","MERGE","Best Seller (internal use)","","Manual","","2026-02-23 14:54:57 -0800","","","web","","","","","211","","","","","","7138909782191","relax-hemp-tea","105","",""
"308458422447","best-seller-internal-use","MERGE","Best Seller (internal use)","","Manual","","2026-02-23 14:54:57 -0800","","","web","","","","","212","","","","","","7135110332591","energize-hemp-tea","106","",""
"308458422447","best-seller-internal-use","MERGE","Best Seller (internal use)","","Manual","","2026-02-23 14:54:57 -0800","","","web","","","","","213","","","","","","7131642527919","organic-immunity-herbal-tea","107","",""
"308458422447","best-seller-internal-use","MERGE","Best Seller (internal use)","","Manual","","2026-02-23 14:54:57 -0800","","","web","","","","","214","","","","","","7131642462383","organic-hemp-green-tea","108","",""
"308458422447","best-seller-internal-use","MERGE","Best Seller (internal use)","","Manual","","2026-02-23 14:54:57 -0800","","","web","","","","","215","","","","","","7131640037551","cascara-hemp-chocolate-rose","109","",""
"308458422447","best-seller-internal-use","MERGE","Best Seller (internal use)","","Manual","","2026-02-23 14:54:57 -0800","","","web","","","","","216","","","","","","6912982941871","organic-rosehips-powder","110","",""
"308458422447","best-seller-internal-use","MERGE","Best Seller (internal use)","","Manual","","2026-02-23 14:54:57 -0800","","","web","","","","","217","","","","","","6912969310383","organic-moringa-powder","111","",""
"308458422447","best-seller-internal-use","MERGE","Best Seller (internal use)","","Manual","","2026-02-23 14:54:57 -0800","","","web","","","","","218","","","","","","6734188970159","wine-berry-herbal-iced-tea","112","",""
"308458422447","best-seller-internal-use","MERGE","Best Seller (internal use)","","Manual","","2026-02-23 14:54:57 -0800","","","web","","","","","219","","","","","","6299829305519","organic-hemp-protein-powder","113","",""
"308458422447","best-seller-internal-use","MERGE","Best Seller (internal use)","","Manual","","2026-02-23 14:54:57 -0800","","","web","","","","","220","","","","","","6299810824367","organic-cardamom-powder","114","",""
"308458422447","best-seller-internal-use","MERGE","Best Seller (internal use)","","Manual","","2026-02-23 14:54:57 -0800","","","web","","","","","221","","","","","","6299808071855","organic-black-pepper-powder","115","",""
"308458422447","best-seller-internal-use","MERGE","Best Seller (internal use)","","Manual","","2026-02-23 14:54:57 -0800","","","web","","","","","222","","","","","","6163651330223","organic-hemp-berry-infusion","116","",""
"308458422447","best-seller-internal-use","MERGE","Best Seller (internal use)","","Manual","","2026-02-23 14:54:57 -0800","","","web","","","","","223","","","","","","6127719776431","lemon-ginger-circus-wellness-tea","117","",""
"308458422447","best-seller-internal-use","MERGE","Best Seller (internal use)","","Manual","","2026-02-23 14:54:57 -0800","","","web","","","","","224","","","","","","6127719710895","organic-turmeric-spice","118","",""
"308458422447","best-seller-internal-use","MERGE","Best Seller (internal use)","","Manual","","2026-02-23 14:54:57 -0800","","","web","","","","","225","","","","","","6127719678127","organic-nutmeg-spice","119","",""
"308458422447","best-seller-internal-use","MERGE","Best Seller (internal use)","","Manual","","2026-02-23 14:54:57 -0800","","","web","","","","","226","","","","","","6127719547055","organic-ginger-spice","120","",""
"308458422447","best-seller-internal-use","MERGE","Best Seller (internal use)","","Manual","","2026-02-23 14:54:57 -0800","","","web","","","","","227","","","","","","6127719448751","organic-cocoa-shells-spice","121","",""
"308458422447","best-seller-internal-use","MERGE","Best Seller (internal use)","","Manual","","2026-02-23 14:54:57 -0800","","","web","","","","","228","","","","","","6127719055535","passion-berry-iced-tea","122","",""
"308458422447","best-seller-internal-use","MERGE","Best Seller (internal use)","","Manual","","2026-02-23 14:54:57 -0800","","","web","","","","","229","","","","","","6127718989999","moroccan-mint-iced-tea","123","",""
"308458422447","best-seller-internal-use","MERGE","Best Seller (internal use)","","Manual","","2026-02-23 14:54:57 -0800","","","web","","","","","230","","","","","","6127718924463","divine-tangy-lemon-iced-tea","124","",""
"308458422447","best-seller-internal-use","MERGE","Best Seller (internal use)","","Manual","","2026-02-23 14:54:57 -0800","","","web","","","","","231","","","","","","6127718662319","tropical-passion-herbal-tea","125","",""
"308458422447","best-seller-internal-use","MERGE","Best Seller (internal use)","","Manual","","2026-02-23 14:54:57 -0800","","","web","","","","","232","","","","","","6127718596783","midnight-mystery-herbal-tea","126","",""
"308458422447","best-seller-internal-use","MERGE","Best Seller (internal use)","","Manual","","2026-02-23 14:54:57 -0800","","","web","","","","","233","","","","","","6127718400175","fruit-cup-herbal-tea","127","",""
"308458422447","best-seller-internal-use","MERGE","Best Seller (internal use)","","Manual","","2026-02-23 14:54:57 -0800","","","web","","","","","234","","","","","","6127718367407","cinnamon-vanilla-zest-herbal-tea","128","",""
"308458422447","best-seller-internal-use","MERGE","Best Seller (internal use)","","Manual","","2026-02-23 14:54:57 -0800","","","web","","","","","235","","","","","","6127718006959","chinese-gunpowder-green-tea","129","",""
"308458422447","best-seller-internal-use","MERGE","Best Seller (internal use)","","Manual","","2026-02-23 14:54:57 -0800","","","web","","","","","236","","","","","","6127717679279","japanese-kukicha-green-tea","130","",""
"308458422447","best-seller-internal-use","MERGE","Best Seller (internal use)","","Manual","","2026-02-23 14:54:57 -0800","","","web","","","","","237","","","","","","6127717482671","india-kashmiri-chai-green-tea","131","",""
"308458422447","best-seller-internal-use","MERGE","Best Seller (internal use)","","Manual","","2026-02-23 14:54:57 -0800","","","web","","","","","238","","","","","","6127717384367","japanese-hojicha-green-tea","132","",""
"308458422447","best-seller-internal-use","MERGE","Best Seller (internal use)","","Manual","","2026-02-23 14:54:57 -0800","","","web","","","","","239","","","","","","6127717318831","japanese-gyokuro-green-tea","133","",""
"308458422447","best-seller-internal-use","MERGE","Best Seller (internal use)","","Manual","","2026-02-23 14:54:57 -0800","","","web","","","","","240","","","","","","6127717253295","japanese-genmaicha-green-tea","134","",""
"308458422447","best-seller-internal-use","MERGE","Best Seller (internal use)","","Manual","","2026-02-23 14:54:57 -0800","","","web","","","","","241","","","","","","6127716925615","masala-chai-black-tea","135","",""
"308458422447","best-seller-internal-use","MERGE","Best Seller (internal use)","","Manual","","2026-02-23 14:54:57 -0800","","","web","","","","","242","","","","","","6127716892847","chinese-lapsang-souchong-black-tea","136","",""
"308458422447","best-seller-internal-use","MERGE","Best Seller (internal use)","","Manual","","2026-02-23 14:54:57 -0800","","","web","","","","","243","","","","","","6127716860079","kenyan-black-tea","137","",""
"308458422447","best-seller-internal-use","MERGE","Best Seller (internal use)","","Manual","","2026-02-23 14:54:57 -0800","","","web","","","","","244","","","","","","6127716827311","chinese-mao-feng-green-tea","138","",""
"308458422447","best-seller-internal-use","MERGE","Best Seller (internal use)","","Manual","","2026-02-23 14:54:57 -0800","","","web","","","","","245","","","","","","6127716532399","organic-yerba-mate-botanicals","139","",""
"308458422447","best-seller-internal-use","MERGE","Best Seller (internal use)","","Manual","","2026-02-23 14:54:57 -0800","","","web","","","","","246","","","","","","6127716368559","organic-tulsi-botanicals","140","",""
"308458422447","best-seller-internal-use","MERGE","Best Seller (internal use)","","Manual","","2026-02-23 14:54:57 -0800","","","web","","","","","247","","","","","","6127716335791","organic-spearmint-leaves-botanicals","141","",""
"308458422447","best-seller-internal-use","MERGE","Best Seller (internal use)","","Manual","","2026-02-23 14:54:57 -0800","","","web","","","","","248","","","","","","6127716204719","organic-orange-peel-botanicals","142","",""
"308458422447","best-seller-internal-use","MERGE","Best Seller (internal use)","","Manual","","2026-02-23 14:54:57 -0800","","","web","","","","","249","","","","","","6127716139183","organic-nettle-leaves-botanicals","143","",""
"308458422447","best-seller-internal-use","MERGE","Best Seller (internal use)","","Manual","","2026-02-23 14:54:57 -0800","","","web","","","","","250","","","","","","6127716008111","organic-lemon-myrtle-botanicals","144","",""
"308458422447","best-seller-internal-use","MERGE","Best Seller (internal use)","","Manual","","2026-02-23 14:54:57 -0800","","","web","","","","","251","","","","","","6127715975343","organic-lemon-peel-botanicals","145","",""
"308458422447","best-seller-internal-use","MERGE","Best Seller (internal use)","","Manual","","2026-02-23 14:54:57 -0800","","","web","","","","","252","","","","","","6127715844271","organic-honeybush-botanicals","146","",""
